experiment,architecture,strategy,augmentation,epoch,train_loss,train_accuracy,val_loss,val_accuracy
B1_Scratch,resnet18,B1,True,1,2.2690856828318013,20.707070707070706,2.1880002567663737,25.925925925925927
B1_Scratch,resnet18,B1,True,2,1.963374923834037,29.365079365079364,2.0433331812270965,28.282828282828284
B1_Scratch,resnet18,B1,True,3,1.9340525653971221,31.746031746031747,1.8478825457569725,35.69023569023569
B1_Scratch,resnet18,B1,True,4,1.76662541485108,39.466089466089464,2.279212384914308,31.986531986531986
B1_Scratch,resnet18,B1,True,5,1.6924030364505829,41.91919191919192,2.403577841893591,24.579124579124578
B1_Scratch,resnet18,B1,True,6,1.608883470855922,44.58874458874459,3.3045561181174383,27.946127946127945
B1_Scratch,resnet18,B1,True,7,1.5654388910420185,47.04184704184704,1.516620681342051,47.138047138047135
B1_Scratch,resnet18,B1,True,8,1.441864786468027,52.308802308802306,1.6893907038852423,44.44444444444444
B1_Scratch,resnet18,B1,True,9,1.3780409209483975,52.525252525252526,1.8015126604022402,44.78114478114478
B1_Scratch,resnet18,B1,True,10,1.3491440639867411,51.875901875901874,1.970492245773675,39.05723905723906
B1_Scratch,resnet18,B1,True,11,1.3132238955724806,55.41125541125541,1.7667372760547932,44.78114478114478
B2_FeatureExtraction,resnet18,B2,True,1,1.2331608717059677,65.87301587301587,0.5478132599933381,89.56228956228956
B2_FeatureExtraction,resnet18,B2,True,2,0.3990696659593871,93.29004329004329,0.2795768341030737,95.95959595959596
B2_FeatureExtraction,resnet18,B2,True,3,0.2550707052731927,96.46464646464646,0.23046787725353884,95.62289562289563
B2_FeatureExtraction,resnet18,B2,True,4,0.20004787034802624,96.68109668109668,0.18924041724566257,95.62289562289563
B2_FeatureExtraction,resnet18,B2,True,5,0.17042122022242084,96.46464646464646,0.17498929427328336,96.29629629629629
B2_FeatureExtraction,resnet18,B2,True,6,0.14666854772947913,96.75324675324676,0.1682205151026498,94.61279461279462
B2_FeatureExtraction,resnet18,B2,True,7,0.12793308539480014,97.40259740259741,0.15238564363633744,96.63299663299664
B2_FeatureExtraction,resnet18,B2,True,8,0.12007860835066433,97.18614718614718,0.13411842499818866,96.29629629629629
B2_FeatureExtraction,resnet18,B2,True,9,0.10917523815088286,97.97979797979798,0.12878445091873708,97.3063973063973
B2_FeatureExtraction,resnet18,B2,True,10,0.09872799561846823,97.61904761904762,0.12440907751972025,96.96969696969697
B2_FeatureExtraction,resnet18,B2,True,11,0.09114051481217017,98.26839826839827,0.1324008374352648,96.29629629629629
B2_FeatureExtraction,resnet18,B2,True,12,0.08201937164041559,98.55699855699855,0.11405037481475759,97.3063973063973
B2_FeatureExtraction,resnet18,B2,True,13,0.08266459439826046,98.12409812409813,0.11313093639283067,96.29629629629629
B2_FeatureExtraction,resnet18,B2,True,14,0.07340288338551101,98.34054834054834,0.1337274545270586,95.95959595959596
B2_FeatureExtraction,resnet18,B2,True,15,0.07259581118693083,98.48484848484848,0.11015489822887009,97.64309764309765
B2_FeatureExtraction,resnet18,B2,True,16,0.06545335308125869,98.91774891774892,0.11187555864202454,95.62289562289563
B2_FeatureExtraction,resnet18,B2,True,17,0.07008143704556584,98.48484848484848,0.12619068917602,96.63299663299664
B2_FeatureExtraction,resnet18,B2,True,18,0.06382126160890594,98.62914862914863,0.10891202965168038,96.29629629629629
B2_FeatureExtraction,resnet18,B2,True,19,0.06951578190982943,98.26839826839827,0.10781281090244299,96.63299663299664
B2_FeatureExtraction,resnet18,B2,True,20,0.060090191275268406,98.48484848484848,0.0996830722298285,96.96969696969697
B2_FeatureExtraction,resnet18,B2,True,21,0.05329702379555585,99.2063492063492,0.10754181573838498,96.63299663299664
B2_FeatureExtraction,resnet18,B2,True,22,0.057153012310551185,98.55699855699855,0.1092658133468644,96.29629629629629
B2_FeatureExtraction,resnet18,B2,True,23,0.056132963698620746,98.7012987012987,0.11270606273201982,96.96969696969697
B2_FeatureExtraction,resnet18,B2,True,24,0.05775331022569972,98.62914862914863,0.11585346539112855,96.29629629629629
B3_ProgressiveFineTuning,resnet18,B3,True,1,0.6318349802777881,83.11688311688312,0.13268046276737946,96.29629629629629
B3_ProgressiveFineTuning,resnet18,B3,True,2,0.10272810158748476,97.90764790764791,0.13557999868334744,94.94949494949495
B3_ProgressiveFineTuning,resnet18,B3,True,3,0.055822214264890334,99.13419913419914,0.12434028420183393,96.29629629629629
B3_ProgressiveFineTuning,resnet18,B3,True,4,0.045999959982060766,98.77344877344878,0.08777141020404369,98.31649831649831
B3_ProgressiveFineTuning,resnet18,B3,True,5,0.02212570548530609,99.56709956709956,0.11035587518830291,97.3063973063973
B3_ProgressiveFineTuning,resnet18,B3,True,6,0.026950532624237293,99.2063492063492,0.12781425131491136,97.3063973063973
B3_ProgressiveFineTuning,resnet18,B3,True,7,0.015523042383336315,99.85569985569985,0.1580192093245108,96.63299663299664
B3_ProgressiveFineTuning,resnet18,B3,True,8,0.009671341891240592,99.92784992784993,0.12110283573844818,97.97979797979798
B4_NoAug,resnet18,B3,False,1,0.5406374770067471,86.21933621933621,0.12421754165630951,96.96969696969697
B4_NoAug,resnet18,B3,False,2,0.044700060598821006,99.35064935064935,0.12759133898700126,96.63299663299664
B4_NoAug,resnet18,B3,False,3,0.018110073420177463,99.92784992784993,0.12121123381536016,96.63299663299664
B4_NoAug,resnet18,B3,False,4,0.011739785902599924,100.0,0.0943692877186268,97.97979797979798
B4_NoAug,resnet18,B3,False,5,0.0058811743720871374,100.0,0.10971634944129471,97.64309764309765
B4_NoAug,resnet18,B3,False,6,0.003395483306304029,100.0,0.11526132526459416,97.3063973063973
B4_NoAug,resnet18,B3,False,7,0.002939897491280823,100.0,0.10758481898442263,96.96969696969697
B4_NoAug,resnet18,B3,False,8,0.002265494300689532,100.0,0.10298137777870653,97.64309764309765
B4_Aug,resnet18,B3,True,1,0.6318349802777881,83.11688311688312,0.13268046276737946,96.29629629629629
B4_Aug,resnet18,B3,True,2,0.10272810158748476,97.90764790764791,0.13557999868334744,94.94949494949495
B4_Aug,resnet18,B3,True,3,0.055822214264890334,99.13419913419914,0.12434028420183393,96.29629629629629
B4_Aug,resnet18,B3,True,4,0.045999959982060766,98.77344877344878,0.08777141020404369,98.31649831649831
B4_Aug,resnet18,B3,True,5,0.02212570548530609,99.56709956709956,0.11035587518830291,97.3063973063973
B4_Aug,resnet18,B3,True,6,0.026950532624237293,99.2063492063492,0.12781425131491136,97.3063973063973
B4_Aug,resnet18,B3,True,7,0.015523042383336315,99.85569985569985,0.1580192093245108,96.63299663299664
B4_Aug,resnet18,B3,True,8,0.009671341891240592,99.92784992784993,0.12110283573844818,97.97979797979798
B5_EfficientNetB0,efficientnet_b0,B3,True,1,0.9532385326352126,83.54978354978356,0.1584648122691145,98.31649831649831
B5_EfficientNetB0,efficientnet_b0,B3,True,2,0.16769603082928994,96.82539682539682,0.08444605919497984,98.65319865319866
B5_EfficientNetB0,efficientnet_b0,B3,True,3,0.10310489730573492,97.90764790764791,0.07014187227194559,98.65319865319866
B5_EfficientNetB0,efficientnet_b0,B3,True,4,0.09138139035192575,97.47474747474747,0.06017325126788632,98.65319865319866
B5_EfficientNetB0,efficientnet_b0,B3,True,5,0.061414226201533584,98.55699855699855,0.05939829901412681,98.98989898989899
B5_EfficientNetB0,efficientnet_b0,B3,True,6,0.04869270376044004,98.62914862914863,0.05802677675253815,98.98989898989899
B5_EfficientNetB0,efficientnet_b0,B3,True,7,0.03948299585697799,99.27849927849928,0.06571834948327807,98.98989898989899
B5_EfficientNetB0,efficientnet_b0,B3,True,8,0.027463320678995026,99.27849927849928,0.06578089482298353,98.31649831649831
B5_EfficientNetB0,efficientnet_b0,B3,True,9,0.03270185547968182,98.98989898989899,0.06980093118424217,98.65319865319866
B5_EfficientNetB0,efficientnet_b0,B3,True,10,0.022284424580192842,99.63924963924964,0.0806088514801629,98.31649831649831
